"revenue","months"
"66036.32","8"
"65003.3199999999","10"
"64503.25","7"
"62941.2200000001","9"
"61033.25","12"
"59054.27","1"
"58902.49","6"
"58131.16","5"
"56020.56","11"
"55564.45","3"
"51306.5","4"
"48212.83","2"
